Product_Title ,Price
COLORFUL GT710 2GD3 2GB GDDR3 GRAPHICS CARD,3800.00,bdstall
GIGABYTE GEFORCE RTX 2060 WINDFORCE OC 6G 6GB DDR6 GRAPHICS CARD #GA-N2060WF2OC-6GD,38000.00,bdstall
GIGABYTE GEFORCE RTX 2060 OC 6GB GDDR6 GRAPHICS CARD #GV-N2060OC-6GD,37200.00,bdstall
GIGABYTE NVIDIA GEFORCE GT 710 2GB DDR3 GRAPHICS CARD #GV-N710D3-2GL,5200.00,bdstall
MSI GT 710-2GD3H LP 2GB DDR3 GRAPHICS CARD,4500.00,bdstall
GIGABYTE NVIDIA GEFORCE GT 1030 OC 2GB DDR5 GRAPHICS CARD,8500.00,bdstall
ASUS GT 710 2GB DDR3 GRAPHICS CARD,4800.00,bdstall
ASROCK PHANTOM GAMING X RADEON RX590 8G OC GRAPHICS CARD,23500.00,bdstall
GIGABYTE GTX 1050 TI OC 4GB DDR5 GRAPHICS CARD,17500.00,bdstall
